{
  "setting": {},
  "condition": {
    "plugin": {
      "list": []
    },
    "game": {
      "list": []
    },
    "gamePlugin": {
      "list": []
    },
    "miniprogram": {
      "list": [
        {
          "name": "pages/list/list",
          "pathName": "pages/list/list",
          "query": "cat=1",
          "scene": null
        },
        {
          "name": "pages/detail/detail",
          "pathName": "pages/detail/detail",
          "query": "item=1",
          "scene": null
        }
      ]
    }
  }
}